Workbook
Name NativeTimeline_Order_Date: #N/A
Name Slicer_Product_Category: #N/A
Name Slicer_Region: #N/A

Sheet Project Instructions
A1: PR. 2 Analyzer
A2: Topics: - Conditional Formatting - WHAT IF Analysis - Linear Regression (Using Data Analysis Toolpak) - Data Analysis Feature (Descriptive Stats, Regression, Histogram) - Data Storytelling - Add Symbols or Arrows in Custom Formatting - Create Timestamp - Find High-Value Customers using Groupby(), index(), and match() combination - Advanced Descriptive Analytics - Pivot Table with Dashboard - Creating bar charts - Creating line charts - Creating pie charts Main Tasks: 1. Apply conditional formatting to highlight top 10 customers based on total purchase. 2. Perform WHAT IF Analysis to see impact of changing discount on total profit. 3. Use Data Analysis Toolpak to run Linear Regression (Profit vs Sales). 4. Use 'Descriptive Statistics' from Analysis Toolpak on the dataset. 5. Add up/down arrows on monthly sales growth. 6. Create a timestamp column using NOW(). 7. Identify high-value customers using index(), match(), and filters. 8. Create Pivot Table to analyze total sales by region and product. 9. Create bar, line, and pie charts to visualize KPIs. 10. Summarize insights using a dashboard. Deliverable: Complete the given worksheet by applying the required formulas in respective sheets.-

Sheet Dashboard

Sheet KPI_Data
A1: Total Sales | B1: =TEXT(Pivot_Region!B8,"₹ #,##0.00") -> ₹ 1,95,217.76
A2: Best Region | B2: =INDEX(Pivot_Region!A3:A7,MATCH(MAX(Pivot_Region!B3:B7),Pivot_Region!B3:B7,0)) -> West
A3: Best Product | B3: =INDEX('Product Performance'!A3:A7,MATCH(MAX('Product Performance'!B3:B7),'Product Performance'!B3:B7,0)) -> Books
A4: Top Sales | B4: =TEXT(MAX('Product Performance'!B3:B7),"₹ #,##0.00") -> ₹ 47,002.46

Sheet High_Value_Customers
A1: Enter Customer Name | B1: Robert Anderson
A2: Total Sales | B2: =INDEX(Dataset!J:J,MATCH(B1,Dataset!B:B,0)) -> 8331.85
A6: High-Value Customers
A7: {=_xlfn.VSTACK(Dataset!B1:J1,_xlfn._xlws.FILTER(Dataset!B2:J201,Dataset!J2:J201>10000,"No High Value Customer"))} -> Customer_Name | B7: Region | C7: Product_Category | D7: Sales | E7: Quantity | F7: Discount | G7: Order_Date | H7: Profit | I7: Total Customer Sales
A8: James Wilson | B8: North | C8: Books | D8: 847 | E8: 12 | F8: 0.2 | G8: 45397 | H8: 271.04 | I8: 20774.74
A9: Mary Davis | B9: East | C9: Furniture | D9: 1074.47 | E9: 6 | F9: 0.2 | G9: 45401 | H9: 300.85 | I9: 17143.29
A10: Emma Davis | B10: West | C10: Office Supplies | D10: 1572.82 | E10: 6 | F10: 0.05 | G10: 45402 | H10: 672.38 | I10: 11398.32
A11: Mary Davis | B11: Central | C11: Electronics | D11: 645.02 | E11: 4 | F11: 0 | G11: 45414 | H11: 161.26 | I11: 17143.29
A12: Mary Davis | B12: West | C12: Books | D12: 743.17 | E12: 9 | F12: 0 | G12: 45416 | H12: 297.27 | I12: 17143.29
A13: Mary Davis | B13: Central | C13: Electronics | D13: 706.37 | E13: 6 | F13: 0 | G13: 45416 | H13: 176.59 | I13: 17143.29
A14: Mary Davis | B14: Central | C14: Office Supplies | D14: 925.31 | E14: 8 | F14: 0.1 | G14: 45418 | H14: 374.75 | I14: 17143.29
A15: James Wilson | B15: South | C15: Electronics | D15: 801.21 | E15: 3 | F15: 0.2 | G15: 45426 | H15: 160.24 | I15: 20774.74
A16: David Brown | B16: North | C16: Electronics | D16: 1450.71 | E16: 5 | F16: 0.1 | G16: 45427 | H16: 326.41 | I16: 11915.83
A17: David Brown | B17: East | C17: Office Supplies | D17: 840.92 | E17: 9 | F17: 0.05 | G17: 45429 | H17: 359.49 | I17: 11915.83
A18: James Wilson | B18: Central | C18: Office Supplies | D18: 1025.98 | E18: 5 | F18: 0.2 | G18: 45447 | H18: 369.35 | I18: 20774.74
A19: James Wilson | B19: Central | C19: Books | D19: 840.85 | E19: 19 | F19: 0.1 | G19: 45448 | H19: 302.71 | I19: 20774.74
... A69: David Brown | B69: West | C69: Clothing | D69: 1493.49 | E69: 18 | F69: 0 | G69: 45734 | H69: 746.74 | I69: 11915.83

Sheet Region_Wise_Product_Analysis
A1: Region-wise Product Sales Analysis
A2: Sales Amount | B2: Product Category
A3: Region | B3: Books | C3: Clothing | D3: Electronics | E3: Furniture | F3: Office Supplies | G3: Grand Total
A4: Central | B4: 11297.15 | C4: 12200.26 | D4: 6621.24 | E4: 4876.96 | F4: 8472.72 | G4: 43468.33
A5: East | B5: 11389.09 | C5: 2401.45 | D5: 2869.54 | E5: 7592.34 | F5: 8189.22 | G5: 32441.64
A6: North | B6: 8037.01 | C6: 8422.82 | D6: 8191.71 | E6: 6978.08 | F6: 3345.8 | G6: 34975.42
A7: South | B7: 9588.04 | C7: 8393.63 | D7: 11989.07 | E7: 7982.73 | F7: 2295.32 | G7: 40248.79
A8: West | B8: 6691.17 | C8: 10509.43 | D8: 11372.44 | E8: 9182.78 | F8: 6327.76 | G8: 44083.58
A9: Grand Total | B9: 47002.46 | C9: 41927.59 | D9: 41044 | E9: 36612.89 | F9: 28630.82 | G9: 195217.76

Sheet Pivot_Region
A1: Regional Contribution
A2: Region | B2: Sum of Sales
A3: Central | B3: 43468.33
A4: East | B4: 32441.64
A5: North | B5: 34975.42
A6: South | B6: 40248.79
A7: West | B7: 44083.58
A8: Grand Total | B8: 195217.76

Sheet Monthly Sales Trend
A1: Montly Sales Trend
A2: Month | B2: Sum of Sales
A3: 2024 | B3: 145429.36
A4: Apr | B4: 19029.96
A5: May | B5: 18507.34
A6: Jun | B6: 20187.51
A7: Jul | B7: 11609.04
A8: Aug | B8: 10091.7
A9: Sep | B9: 20533.5
A10: Oct | B10: 14215.24
A11: Nov | B11: 20135.03
A12: Dec | B12: 11120.04
A13: 2025 | B13: 49788.4
A14: Jan | B14: 14914.65
... A18: Grand Total | B18: 195217.76

Sheet Regression
A1: SUMMARY OUTPUT
A3: Regression Statistics | B3: Column1
A4: Multiple R | B4: 0.77340306
A5: R Square | B5: 0.5981523
A6: Adjusted R Square | B6: 0.59612277
A7: Standard Error | B7: 86.281231
A8: Observations | B8: 200
A10: ANOVA
B11: df | C11: SS | D11: MS | E11: F | F11: Significance F
A12: Regression | B12: 1 | C12: 2194058.2 | D12: 2194058.2 | E12: 294.72398 | F12: 4.6269368e-41
A13: Residual | B13: 198 | C13: 1474001.2 | D13: 7444.4507
A14: Total | B14: 199 | C14: 3668059.4
B16: Coefficients | C16: Standard Error | D16: t Stat | E16: P-value | F16: Lower 95% | G16: Upper 95% | H16: Lower 95.0% | I16: Upper 95.0%
A17: Intercept | B17: -1.0315505 | C17: 20.860617 | D17: -0.049449663 | E17: 0.9606108 | F17: -42.169052 | G17: 40.105951 | H17: -42.169052 | I17: 40.105951
A18: X Variable 1 | B18: 0.35085599 | C18: 0.020437189 | D18: 17.167527 | E18: 4.6269368e-41 | F18: 0.3105535 | G18: 0.39115848 | H18: 0.3105535 | I18: 0.39115848

Sheet Descriptive_Analysis
A1: Sales
A3: Mean | B3: 976.0888
A4: Standard Error | B4: 21.16185
A5: Median | B5: 976.72
A6: Mode | B6: #N/A
A7: Standard Deviation | B7: 299.27376
A8: Sample Variance | B8: 89564.783
A9: Kurtosis | B9: -0.088595232
A10: Skewness | B10: 0.14685797
A11: Range | B11: 1665.15
A12: Minimum | B12: 258.51
A13: Maximum | B13: 1923.66
A14: Sum | B14: 195217.76
A15: Count | B15: 200

Sheet Dataset
A1: Customer_ID | B1: Customer_Name | C1: Region | D1: Product_Category | E1: Sales | F1: Quantity | G1: Discount | H1: Order_Date | I1: Profit | J1: Total Customer Sales | K1: Month | L1: Timestamp
A2: CUST019 | B2: James Davis | C2: West | D2: Books | E2: 1036.09 | F2: 4 | G2: 0.2 | H2: 45392 | I2: 331.55 | J2: =SUMIF(B:B,B2,E:E) -> 6255.7 | K2: =TEXT(H2,"MMM-YYYY") -> Apr-2024 | L2: =NOW() -> 46282.436
A3: CUST012 | B3: Robert Anderson | C3: West | D3: Clothing | E3: 1101.28 | F3: 3 | G3: 0.2 | H3: 45393 | I3: 440.51 | J3: =SUMIF(B:B,B3,E:E) -> 8331.85 | K3: =TEXT(H3,"MMM-YYYY") -> Apr-2024 | L3: =NOW() -> 46282.436
A4: CUST017 | B4: James Taylor | C4: East | D4: Books | E4: 713.34 | F4: 17 | G4: 0 | H4: 45396 | I4: 285.34 | J4: =SUMIF(B:B,B4,E:E) -> 5615.28 | K4: =TEXT(H4,"MMM-YYYY") -> Apr-2024 | L4: =NOW() -> 46282.436
A5: CUST005 | B5: Robert Anderson | C5: South | D5: Electronics | E5: 760.93 | F5: 4 | G5: 0.15 | H5: 45396 | I5: 161.7 | J5: =SUMIF(B:B,B5,E:E) -> 8331.85 | K5: =TEXT(H5,"MMM-YYYY") -> Apr-2024 | L5: =NOW() -> 46282.436
A6: CUST030 | B6: James Wilson | C6: North | D6: Books | E6: 847 | F6: 12 | G6: 0.2 | H6: 45397 | I6: 271.04 | J6: =SUMIF(B:B,B6,E:E) -> 20774.74 | K6: =TEXT(H6,"MMM-YYYY") -> Apr-2024 | L6: =NOW() -> 46282.436
A7: CUST007 | B7: Michael Anderson | C7: North | D7: Furniture | E7: 965.64 | F7: 8 | G7: 0.1 | H7: 45398 | I7: 304.18 | J7: =SUMIF(B:B,B7,E:E) -> 7881.9 | K7: =TEXT(H7,"MMM-YYYY") -> Apr-2024 | L7: =NOW() -> 46282.436
A8: CUST001 | B8: Linda Wilson | C8: West | D8: Electronics | E8: 1317.53 | F8: 12 | G8: 0.05 | H8: 45398 | I8: 312.91 | J8: =SUMIF(B:B,B8,E:E) -> 9970.2 | K8: =TEXT(H8,"MMM-YYYY") -> Apr-2024 | L8: =NOW() -> 46282.436
A9: CUST026 | B9: Mary Davis | C9: East | D9: Furniture | E9: 1074.47 | F9: 6 | G9: 0.2 | H9: 45401 | I9: 300.85 | J9: =SUMIF(B:B,B9,E:E) -> 17143.29 | K9: =TEXT(H9,"MMM-YYYY") -> Apr-2024 | L9: =NOW() -> 46282.436
A10: CUST009 | B10: Linda Jackson | C10: Central | D10: Books | E10: 501.54 | F10: 11 | G10: 0.05 | H10: 45401 | I10: 190.59 | J10: =SUMIF(B:B,B10,E:E) -> 3968.59 | K10: =TEXT(H10,"MMM-YYYY") -> Apr-2024 | L10: =NOW() -> 46282.436
A11: CUST010 | B11: David Thomas | C11: Central | D11: Clothing | E11: 737.31 | F11: 2 | G11: 0.05 | H11: 45401 | I11: 350.22 | J11: =SUMIF(B:B,B11,E:E) -> 7020.38 | K11: =TEXT(H11,"MMM-YYYY") -> Apr-2024 | L11: =NOW() -> 46282.436
A12: CUST014 | B12: Emma Davis | C12: West | D12: Office Supplies | E12: 1572.82 | F12: 6 | G12: 0.05 | H12: 45402 | I12: 672.38 | J12: =SUMIF(B:B,B12,E:E) -> 11398.32 | K12: =TEXT(H12,"MMM-YYYY") -> Apr-2024 | L12: =NOW() -> 46282.436
A13: CUST014 | B13: David Thomas | C13: Central | D13: Books | E13: 1343.13 | F13: 14 | G13: 0.15 | H13: 45404 | I13: 456.66 | J13: =SUMIF(B:B,B13,E:E) -> 7020.38 | K13: =TEXT(H13,"MMM-YYYY") -> Apr-2024 | L13: =NOW() -> 46282.436
... A201: CUST016 | B201: David Thomas | C201: South | D201: Clothing | E201: 928.32 | F201: 2 | G201: 0.05 | H201: 45754 | I201: 440.95 | J201: =SUMIF(B:B,B201,E:E) -> 7020.38 | K201: =TEXT(H201,"MMM-YYYY") -> Apr-2025 | L201: =NOW() -> 46282.436

Sheet Monthly_Growth
A1: Month | B1: Sum of Sales | C1: Growth %
A2: Apr-2024 | B2: 19029.96
A3: May-2024 | B3: 18507.34 | C3: =(B3-B2)/B2 -> -0.027463011
A4: Jun-2024 | B4: 20187.51 | C4: =(B4-B3)/B3 -> 0.090783981
A5: Jul-2024 | B5: 11609.04 | C5: =(B5-B4)/B4 -> -0.42493948
A6: Aug-2024 | B6: 10091.7 | C6: =(B6-B5)/B5 -> -0.13070331
A7: Sep-2024 | B7: 20533.5 | C7: =(B7-B6)/B6 -> 1.0346919
A8: Oct-2024 | B8: 14215.24 | C8: =(B8-B7)/B7 -> -0.30770497
A9: Nov-2024 | B9: 20135.03 | C9: =(B9-B8)/B8 -> 0.41643968
A10: Dec-2024 | B10: 11120.04 | C10: =(B10-B9)/B9 -> -0.44772667
A11: Jan-2025 | B11: 14914.65 | C11: =(B11-B10)/B10 -> 0.34124068
A12: Feb-2025 | B12: 14006.36 | C12: =(B12-B11)/B11 -> -0.060899183
A13: Mar-2025 | B13: 17655.22 | C13: =(B13-B12)/B12 -> 0.26051451
A14: Apr-2025 | B14: 3212.17 | C14: =(B14-B13)/B13 -> -0.81806117
A15: Grand Total | B15: 195217.76 | C15: =AVERAGE(C3:C14) -> -0.0061522567

Sheet Product Performance
A2: Product_Category | B2: Sum of Sales
A3: Books | B3: 47002.46
A4: Clothing | B4: 41927.59
A5: Electronics | B5: 41044
A6: Furniture | B6: 36612.89
A7: Office Supplies | B7: 28630.82
A8: Grand Total | B8: 195217.76

Sheet Profit_Analysis
A1: Matrics | B1: Amount
A2: Sales | B2: =SUM(Dataset!E:E) -> 195217.76
A3: Discount | B3: 0.09725
A4: Profit | B4: =B2-(B2*B3) -> 176232.83
